區域別,113,112,111,110,109,108,107,106,105,104,103,102,101
新  北  市　,"4,047,001","4,041,120","3,995,551","4,008,113","4,030,954","4,018,696","3,995,717","3,986,689","3,979,208","3,970,644","3,966,818","3,954,929","3,939,305"
　板橋區　,"553,538","554,247","549,572","552,713","557,114","556,897","554,742","551,480","552,285","554,236","555,914","556,920","557,440"
　三重區　,"383,355","383,108","379,825","381,731","385,328","386,336","385,826","387,484","388,581","388,447","389,325","389,813","390,090"
　中和區　,"405,956","407,273","403,109","406,140","411,214","413,069","412,486","413,590","414,266","414,304","415,226","415,742","416,499"
　永和區　,"213,742","214,771","212,170","214,967","219,364","220,595","221,098","222,585","223,999","225,409","227,267","229,062","230,768"
　新莊區　,"423,503","423,607","419,966","421,381","422,653","420,473","417,754","416,524","414,156","413,243","411,711","409,760","407,012"
　新店區　,"306,571","304,868","298,594","299,696","303,532","303,445","302,231","302,089","301,168","300,267","299,730","299,017","297,637"
　樹林區　,"178,981","180,658","180,067","181,903","183,470","183,926","183,946","184,149","184,400","184,249","184,167","183,407","182,012"
　鶯歌區　,"89,339","89,080","88,406","88,131","87,674","86,869","86,361","86,593","87,231","87,965","89,075","88,637","88,336"
　三峽區　,"115,335","115,608","115,274","116,019","116,917","116,478","115,820","114,926","114,180","112,708","111,588","110,010","107,794"
　淡水區　,"200,726","194,399","187,823","185,197","183,278","178,610","173,502","169,597","165,765","162,221","158,953","155,241","150,687"
　汐止區　,"210,817","209,481","206,265","205,990","205,847","203,429","200,535","199,321","197,749","196,028","195,140","194,200","192,676"
　瑞芳區　,"36,330","37,197","37,695","38,449","39,077","39,536","39,982","40,353","40,600","40,976","41,315","41,490","41,617"
　土城區　,"241,224","240,828","237,538","237,484","238,277","237,696","236,901","238,067","238,500","238,703","239,270","239,258","239,717"
　蘆洲區　,"198,359","200,022","199,811","201,489","202,456","201,883","201,332","201,309","200,702","200,095","199,750","199,426","199,490"
　五股區　,"93,860","92,754","91,436","90,465","89,470","88,000","86,329","84,919","84,134","82,923","82,255","81,744","81,225"
　泰山區　,"77,667","77,491","76,982","77,451","78,412","78,751","78,708","78,911","78,817","78,707","78,370","77,939","77,617"
　林口區　,"136,075","132,947","127,887","124,628","121,192","115,582","110,081","106,101","103,219","100,350","97,645","94,108","89,886"
　深坑區　,"23,636","23,689","23,528","23,646","23,723","23,725","23,634","23,660","23,683","23,594","23,636","23,622","23,569"
　石碇區　,"7,068","7,166","7,292","7,487","7,565","7,629","7,731","7,683","7,736","7,855","7,864","7,848","7,895"
　坪林區　,"6,324","6,446","6,553","6,619","6,703","6,689","6,612","6,528","6,538","6,490","6,455","6,460","6,483"
　三芝區　,"22,080","22,137","22,228","22,357","22,540","22,768","22,978","23,200","23,369","23,487","23,480","23,464","23,460"
　石門區　,"10,397","10,752","10,961","11,193","11,480","11,834","12,115","12,286","12,496","12,641","12,733","12,794","12,798"
　八里區　,"42,674","41,966","40,902","40,178","39,741","39,531","38,906","38,493","38,167","37,678","37,187","36,201","35,721"
　平溪區　,"4,049","4,134","4,268","4,333","4,424","4,546","4,666","4,719","4,778","4,874","4,954","5,002","5,109"
　雙溪區　,"7,686","7,915","8,102","8,235","8,468","8,665","8,860","8,939","9,074","9,245","9,450","9,412","9,465"
　貢寮區　,"10,719","10,981","11,260","11,534","11,782","12,033","12,301","12,552","12,706","12,860","13,115","13,306","13,412"
　金山區　,"20,059","20,366","20,577","20,844","21,127","21,396","21,774","22,015","22,207","22,260","22,400","22,392","22,486"
　萬里區　,"20,622","20,869","21,101","21,462","21,710","21,872","22,068","22,296","22,490","22,642","22,678","22,618","22,429"
※烏來區　,"6,309","6,360","6,359","6,391","6,416","6,433","6,438","6,320","6,212","6,187","6,165","6,036","5,975"
臺  北  市　,"2,490,869","2,511,886","2,480,681","2,524,393","2,602,418","2,645,041","2,668,572","2,683,257","2,695,704","2,704,810","2,702,315","2,686,516","2,673,226"
　松山區　,"191,826","193,399","189,939","193,388","200,316","204,193","205,702","206,988","208,326","209,714","210,473","210,343","210,905"
　信義區　,"205,067","206,759","203,780","207,500","215,240","220,021","223,406","225,753","227,823","229,211","229,657","228,496","227,734"
　大安區　,"289,908","291,732","284,557","291,410","302,644","307,631","308,843","309,969","311,506","313,058","313,693","313,363","313,426"
　中山區　,"215,245","216,346","212,669","215,567","223,876","227,387","229,456","230,710","231,247","231,350","230,496","228,753","226,659"
　中正區　,"148,375","150,155","148,103","150,644","155,397","158,014","159,000","159,608","160,403","162,475","163,388","163,140","162,154"
　大同區　,"118,992","119,930","118,833","120,772","123,849","126,043","127,625","129,278","130,071","130,929","130,973","129,820","128,809"
　萬華區　,"171,915","173,652","173,040","176,617","183,088","187,076","189,603","191,850","193,539","194,339","194,715","193,480","192,628"
　文山區　,"258,333","260,313","257,558","261,576","268,130","271,806","273,762","274,424","275,231","275,367","273,921","271,341","269,310"
　南港區　,"112,643","113,959","113,798","115,780","118,758","120,297","121,670","122,155","122,516","122,245","121,257","119,752","118,490"
　內湖區　,"273,748","276,180","272,963","276,707","282,525","285,795","287,429","287,771","287,733","287,566","285,767","282,842","280,025"
　士林區　,"264,194","266,951","264,716","269,682","278,451","283,459","286,544","288,295","289,939","290,694","290,455","289,742","288,894"
　北投區　,"240,623","242,510","240,725","244,750","250,144","253,319","255,532","256,456","257,370","257,862","257,520","255,444","254,192"
桃  園  市　,"2,338,648","2,317,445","2,281,464","2,272,391","2,268,807","2,249,037","2,220,872","2,188,017","2,147,763","2,105,780","2,058,328","2,701,661","2,684,893"
　桃園區　,"475,798","470,683","462,338","458,847","457,245","452,824","447,302","440,840","434,243","427,145","417,366","20,008","20,647"
　中壢區　,"435,050","431,255","423,722","422,529","422,471","417,380","412,063","405,216","396,453","389,782","381,449","74,572","74,282"
    大溪區,"94,404","94,607","94,313","94,870","95,664","95,550","94,885","94,451","94,102","93,343","91,887","118,349","116,807"
    楊梅區,"181,526","180,032","177,602","176,757","175,142","173,049","170,380","167,639","163,959","161,098","157,200","116,397","116,784"
　蘆竹區　,"169,936","169,237","167,205","166,394","167,060","166,406","164,384","161,912","158,802","155,403","151,354","147,880","147,798"
　大園區　,"88,166","86,634","85,991","92,172","93,887","93,078","90,888","89,281","87,158","85,565","84,531","215,485","212,750"
　龜山區　,"183,895","178,297","172,274","166,767","164,398","162,921","160,591","157,633","152,817","145,580","141,998","159,952","158,300"
　八德區　,"214,690","213,403","209,952","209,665","209,202","205,974","202,198","198,074","192,922","187,420","181,431","255,978","252,668"
　龍潭區　,"127,270","126,603","124,973","124,442","124,408","124,031","123,175","121,822","120,201","118,433","116,211","166,090","166,085"
　平鎮區　,"229,389","229,686","227,810","228,203","228,611","228,436","226,412","224,219","221,587","217,887","212,328","51,953","52,403"
　新屋區　,"49,389","49,277","49,205","49,094","49,333","49,256","49,210","48,953","48,772","48,409","48,058","77,847","77,986"
　觀音區　,"75,874","74,521","73,026","69,995","69,032","67,956","67,358","66,472","65,555","64,785","63,602","86,061","85,734"
※復興區　,"13,261","13,210","13,053","12,656","12,354","12,176","12,026","11,505","11,192","10,930","10,913","86,305","84,797"
臺  中  市　,"2,860,601","2,845,909","2,814,459","2,813,490","2,820,787","2,815,261","2,803,894","2,787,070","2,767,239","2,744,445","2,719,835","56,008","55,857"
　中　區　,"17,904","17,784","17,635","17,689","18,168","18,390","18,514","18,450","18,708","19,020","19,323","54,076","54,089"
　東　區　,"77,688","76,852","75,554","75,588","75,913","75,943","76,175","75,811","75,396","75,182","74,922","64,899","64,534"
　南　區　,"127,188","126,907","125,466","126,008","126,769","126,571","125,874","125,067","123,502","121,786","120,128","104,471","103,516"
　西　區　,"113,890","113,548","112,278","112,740","114,583","115,273","115,698","115,627","115,747","115,693","115,731","91,939","91,367"
　北　區　,"143,568","144,097","142,778","143,917","146,590","147,391","147,557","147,653","147,585","147,547","147,471","25,322","25,378"
　西屯區　,"236,821","235,441","231,866","230,888","231,730","230,501","228,630","227,043","224,601","221,785","218,540","15,636","15,763"
　南屯區　,"185,192","182,232","177,930","176,782","176,062","173,532","170,618","168,760","166,685","164,575","161,906","31,845","31,797"
　北屯區　,"310,965","304,179","295,677","290,653","287,344","283,621","279,297","274,819","270,547","265,159","259,742","19,720","19,910"
　豐原區　,"163,163","163,948","163,476","164,726","166,053","166,875","167,025","166,879","166,778","166,749","166,458","70,624","70,068"
　東勢區　,"47,088","47,468","47,817","48,333","49,169","49,773","50,256","50,714","50,952","51,308","51,485","55,995","55,863"
　大甲區　,"74,206","74,684","74,737","75,516","76,130","76,822","77,625","77,761","77,656","77,714","77,607","75,664","75,138"
　清水區　,"90,501","89,924","88,947","88,366","88,009","87,587","86,862","86,420","86,350","86,146","85,957","64,280","64,183"
　沙鹿區　,"100,152","98,805","97,002","96,039","95,226","94,755","94,079","92,645","91,338","89,592","87,742","178,870","176,594"
　梧棲區　,"62,701","61,019","59,848","59,517","59,273","58,921","58,218","57,993","57,645","57,108","56,643","204,846","203,239"
　后里區　,"53,309","53,653","53,667","53,961","54,343","54,666","54,775","54,482","54,332","54,344","54,106","10,589","10,556"
　神岡區　,"64,007","64,362","64,308","64,841","65,529","65,679","65,711","65,553","65,496","65,178","64,956","1,883,208","1,881,645"
　潭子區　,"109,415","108,979","108,639","109,270","109,309","109,324","108,952","108,288","107,530","106,557","105,165","78,521","78,475"
　大雅區　,"95,229","95,708","95,275","95,521","95,693","95,772","95,815","95,203","94,488","93,661","92,628","26,426","26,695"
　新社區　,"22,849","23,089","23,283","23,650","24,064","24,289","24,576","24,754","24,947","25,086","25,242","30,178","30,602"
　石岡區　,"13,877","14,093","14,154","14,419","14,670","14,758","14,956","15,066","15,174","15,295","15,405","21,932","22,160"
　外埔區　,"30,902","31,163","31,264","31,564","31,940","32,224","32,230","32,185","32,034","31,899","31,800","24,910","25,280"
　大安區　,"17,793","18,073","18,230","18,485","18,864","19,111","19,267","19,303","19,409","19,542","19,654","22,195","22,529"
　烏日區　,"81,284","80,194","78,122","77,245","76,494","75,610","75,372","74,554","73,647","72,514","71,520","45,230","45,377"
　大肚區　,"55,708","55,955","56,129","56,458","56,777","57,085","57,324","57,322","57,207","56,627","56,364","25,333","25,612"
　龍井區　,"79,030","78,413","77,887","77,976","78,095","78,027","77,998","77,818","77,236","76,666","76,164","23,151","23,346"
　霧峰區　,"63,342","63,822","64,091","64,602","65,094","65,419","65,619","65,393","64,898","64,657","64,496","21,823","21,912"
　太平區　,"200,007","198,212","196,011","195,613","194,970","193,729","191,752","189,066","186,271","183,923","181,537","10,408","10,537"
　大里區　,"212,166","212,511","211,469","212,253","213,117","212,711","212,104","211,492","210,285","208,406","206,318","59,372","59,289"
※和平區　,"10,656","10,794","10,919","10,870","10,809","10,902","11,015","10,949","10,795","10,726","10,825","27,167","27,414"
臺  南  市　,"1,858,651","1,859,946","1,852,997","1,862,059","1,874,917","1,880,906","1,883,831","1,886,522","1,886,033","1,885,541","1,884,284","24,914","25,034"
　新營區　,"74,782","74,921","74,908","75,506","76,331","76,969","77,617","77,966","78,101","78,165","78,231","23,871","24,225"
　鹽水區　,"23,969","24,251","24,452","24,777","25,001","25,223","25,395","25,583","25,871","26,085","26,322","20,808","21,005"
　白河區　,"25,393","25,862","26,203","26,693","27,245","27,688","28,105","28,520","28,819","29,271","29,731","11,876","12,083"
　柳營區　,"20,007","20,306","20,407","20,618","20,826","21,068","21,205","21,365","21,520","21,629","21,828","43,836","43,940"
　後壁區　,"21,292","21,616","21,891","22,322","22,755","23,001","23,346","23,718","24,066","24,329","24,589","45,167","44,619"
　東山區　,"18,836","19,156","19,366","19,788","20,152","20,449","20,788","21,049","21,320","21,603","21,920","35,336","35,187"
　麻豆區　,"43,036","43,056","42,933","43,373","43,713","43,993","44,260","44,603","44,812","44,987","45,067","30,215","30,298"
　下營區　,"22,077","22,420","22,635","23,062","23,452","23,686","23,916","24,239","24,508","24,786","25,068","7,570","7,696"
　六甲區　,"21,110","21,189","21,342","21,488","21,668","21,886","22,148","22,275","22,406","22,586","22,832","14,821","15,058"
　官田區　,"20,669","20,835","20,849","21,035","21,212","21,371","21,314","21,448","21,535","21,685","21,706","10,186","10,272"
　大內區　,"8,588","8,728","8,847","9,048","9,200","9,391","9,605","9,761","9,962","10,054","10,248","8,894","8,814"
　佳里區　,"58,470","58,232","58,063","58,482","58,785","59,089","59,083","59,380","59,458","59,555","59,533","5,211","5,294"
　學甲區　,"24,537","24,672","24,749","24,981","25,293","25,501","25,665","26,078","26,377","26,652","26,949","72,444","71,270"
　西港區　,"25,004","24,990","24,713","24,495","24,522","24,554","24,690","24,758","24,870","24,921","24,896","67,101","66,655"
　七股區　,"20,760","21,210","21,439","21,757","22,142","22,299","22,732","22,974","23,172","23,365","23,608","35,105","35,353"
　將軍區　,"18,070","18,255","18,618","18,843","19,073","19,353","19,664","19,849","20,051","20,309","20,568","4,310","4,325"
　北門區　,"9,712","9,994","10,183","10,397","10,601","10,830","11,051","11,188","11,333","11,527","11,691","226,875","224,303"
　新化區　,"42,292","42,793","42,467","42,809","43,317","43,254","43,456","43,630","43,727","43,828","43,782","191,576","192,972"
　善化區　,"53,300","52,444","51,842","51,265","50,814","50,018","48,968","48,386","47,660","46,933","46,100","125,611","126,018"
　新市區　,"37,913","37,624","37,482","37,546","37,660","37,269","36,898","36,574","36,268","35,853","35,482","132,336","132,233"
　安定區　,"29,842","29,926","29,904","30,105","30,374","30,413","30,483","30,564","30,447","30,331","30,298","185,412","182,749"
　山上區　,"6,916","7,018","6,976","6,996","7,128","7,199","7,317","7,314","7,359","7,437","7,500","64,589","64,348"
　玉井區　,"12,830","13,043","13,118","13,342","13,602","13,769","13,997","14,151","14,281","14,388","14,561","78,498","78,666"
　楠西區　,"8,532","8,708","8,870","9,031","9,178","9,319","9,537","9,717","9,898","10,032","10,116","2,779,877","2,778,659"
　南化區　,"7,786","7,996","8,114","8,264","8,398","8,583","8,724","8,787","8,838","8,893","9,001","25,847","26,222"
　左鎮區　,"4,124","4,231","4,366","4,428","4,569","4,676","4,781","4,876","4,980","5,071","5,181","135,102","133,964"
　仁德區　,"77,574","77,312","76,896","76,497","76,385","76,094","75,878","75,518","74,637","73,887","73,099","195,436","194,815"
　歸仁區　,"69,818","68,726","68,044","68,001","68,164","68,135","68,403","68,424","68,170","67,906","67,504","177,579","175,798"
　關廟區　,"33,048","33,270","33,424","33,860","33,941","34,202","34,353","34,433","34,601","34,719","34,865","348,488","349,710"
　龍崎區　,"3,352","3,476","3,601","3,668","3,768","3,900","3,995","4,038","4,107","4,196","4,292","53,170","53,749"
　永康區　,"235,623","234,953","234,130","234,624","235,415","235,699","234,891","233,905","232,210","230,806","228,651","28,038","28,250"
　東　區　,"181,962","182,034","180,511","182,489","184,958","186,009","186,250","186,841","187,834","188,865","190,233","177,716","179,512"
　南　區　,"120,323","121,189","121,035","122,345","123,789","124,696","124,824","125,394","125,768","125,738","125,691","194,835","196,246"
　北　區　,"125,821","126,575","126,068","127,913","130,094","131,480","132,112","132,726","133,091","132,651","132,558","29,040","29,468"
　安南區　,"203,838","201,824","199,118","197,061","195,623","194,228","193,438","192,224","191,196","189,620","187,775","156,115","155,779"
　安平區　,"70,321","69,015","68,025","67,446","67,213","67,119","66,775","66,496","65,813","65,380","64,898","352,574","349,816"
　中西區　,"77,124","78,096","77,408","77,704","78,556","78,493","78,167","77,770","76,967","77,498","77,910","70,436","70,383"
高  雄  市　,"2,731,412","2,737,941","2,728,137","2,744,691","2,765,932","2,773,198","2,773,533","2,776,912","2,779,371","2,778,918","2,778,992","110,449","109,780"
　鹽埕區　,"22,275","22,539","22,481","22,912","23,553","23,889","24,059","24,219","24,659","25,032","25,400","43,418","43,429"
　鼓山區　,"141,277","140,701","139,590","140,410","141,488","141,055","140,133","139,259","138,099","136,665","135,667","34,097","33,766"
　左營區　,"197,784","197,276","195,296","196,314","197,306","197,728","196,872","197,072","196,936","196,244","195,643","79,392","77,371"
　楠梓區　,"194,404","193,139","191,313","190,149","189,426","187,999","185,687","183,751","181,845","179,931","178,532","43,781","43,696"
　三民區　,"330,287","331,995","330,419","333,038","336,868","339,269","340,913","343,243","344,888","346,169","347,619","97,800","97,587"
　新興區　,"49,573","49,598","49,068","49,383","50,490","51,014","51,032","51,153","51,431","51,955","52,534","37,010","36,962"
　前金區　,"27,199","27,098","26,633","26,416","26,668","26,879","26,831","26,991","27,151","27,388","27,832","30,542","30,758"
　苓雅區　,"163,295","163,838","162,642","164,572","167,280","168,825","169,648","171,033","172,895","174,515","175,854","7,732","7,852"
　前鎮區　,"178,290","179,854","180,282","182,805","185,828","187,524","188,340","189,839","191,262","192,593","193,952","29,795","30,033"
　旗津區　,"25,587","26,220","26,671","27,204","27,785","28,129","28,506","28,763","28,898","29,008","28,958","53,036","53,145"
　小港區　,"154,354","155,009","154,808","156,035","157,356","157,793","157,742","157,475","157,023","156,256","156,171","29,203","29,120"
　鳳山區　,"355,175","356,536","356,016","357,946","359,576","359,882","359,519","359,120","357,768","356,320","354,093","30,868","30,999"
　林園區　,"67,903","68,216","68,429","68,893","69,478","69,604","69,870","69,990","70,201","70,401","70,476","14,138","14,129"
　大寮區　,"112,213","111,986","111,514","111,933","112,265","112,259","112,421","112,397","112,258","111,663","111,191","19,920","20,123"
　大樹區　,"40,163","40,432","40,732","41,257","41,764","42,142","42,390","42,757","43,067","43,161","43,190","36,381","36,519"
　大社區　,"33,754","33,729","33,670","34,050","34,324","34,410","34,604","34,577","34,615","34,566","34,455","38,563","39,038"
　仁武區　,"98,956","97,337","95,089","93,581","91,893","89,595","87,694","85,894","84,122","82,614","80,994","41,668","42,157"
　鳥松區　,"44,233","44,373","44,168","44,393","44,938","44,960","44,469","44,291","44,265","43,965","43,735","13,943","14,203"
　岡山區　,"95,176","95,574","95,349","95,922","96,841","97,127","97,103","97,329","97,643","97,827","97,751","6,444","6,625"
　橋頭區　,"42,671","41,712","40,470","40,094","38,955","38,254","37,650","37,579","37,448","37,317","37,198","12,587","12,577"
　燕巢區　,"28,576","28,776","28,963","29,244","29,493","29,686","29,820","29,922","29,960","30,124","30,397","15,351","15,510"
　田寮區　,"6,298","6,530","6,655","6,788","6,919","7,043","7,159","7,245","7,340","7,473","7,680","1,832","1,839"
　阿蓮區　,"27,131","27,409","27,656","28,011","28,331","28,489","28,658","28,844","29,093","29,319","29,566","4,406","4,559"
　路竹區　,"49,715","50,355","50,602","51,217","51,726","52,185","52,538","52,761","53,007","53,033","53,064","3,145","3,170"
　湖內區　,"29,396","29,525","29,540","29,648","29,882","29,684","29,794","29,803","29,876","29,615","29,399","458,456","458,595"
　茄萣區　,"28,959","29,241","29,480","29,812","29,960","30,006","30,089","30,217","30,412","30,551","30,690","95,985","96,016"
　永安區　,"13,823","13,863","13,776","13,618","13,705","13,786","13,909","13,980","14,039","14,152","14,148","72,352","72,468"
　彌陀區　,"18,069","18,273","18,468","18,627","18,872","19,049","19,252","19,383","19,555","19,655","19,854","41,382","41,855"
　梓官區　,"34,792","34,813","34,845","35,117","35,517","35,750","35,940","36,116","36,252","36,429","36,384","30,043","30,304"
　旗山區　,"33,818","34,304","34,622","35,162","35,764","36,313","36,652","36,940","37,342","37,770","38,100","35,998","36,010"
　美濃區　,"36,545","37,008","37,317","37,949","38,611","39,074","39,589","39,973","40,399","40,810","41,258","24,468","24,551"
　六龜區　,"11,511","11,700","11,920","12,135","12,391","12,633","12,939","13,016","13,217","13,467","13,663","32,159","32,106"
　甲仙區　,"5,412","5,543","5,661","5,788","5,877","5,943","6,026","6,107","6,214","6,291","6,420","53,731","53,363"
　杉林區　,"10,714","10,955","11,094","11,288","11,541","11,681","11,795","12,038","12,201","12,383","12,531","39,230","38,999"
　內門區　,"12,893","13,184","13,499","13,770","13,976","14,195","14,437","14,540","14,743","14,978","15,178","21,191","21,122"
※茂林區　,"1,869","1,905","1,940","1,874","1,915","1,937","1,994","1,924","1,896","1,890","1,915","6,005","5,915"
※桃源區　,"4,190","4,230","4,258","4,193","4,223","4,261","4,311","4,246","4,220","4,239","4,296","5,912","5,886"
※那瑪夏區,"3,132","3,165","3,201","3,143","3,147","3,146","3,148","3,125","3,131","3,149","3,204","2,044,023","2,030,161"
宜  蘭  縣　,"449,212","449,890","449,062","450,692","453,087","454,178","455,221","456,607","457,538","458,117","458,777","415,414","413,488"
　宜蘭市　,"94,890","94,991","94,679","94,869","95,395","95,562","95,732","95,918","95,907","96,051","95,885","378,918","376,217"
　羅東鎮　,"69,638","69,960","70,012","70,732","71,484","71,898","72,433","72,319","72,485","72,404","72,533","211,146","209,552"
　蘇澳鎮　,"36,882","37,458","37,867","38,272","38,864","39,155","39,682","40,056","40,493","40,726","41,018","179,502","178,889"
　頭城鎮　,"27,982","28,292","28,453","28,544","28,819","28,985","29,133","29,398","29,666","29,798","29,890","155,754","154,324"
　礁溪鄉　,"35,399","34,948","34,800","35,057","35,274","35,417","35,619","35,777","35,948","35,838","35,945","91,961","91,891"
　壯圍鄉　,"24,469","24,380","24,417","24,391","24,366","24,424","24,302","24,250","24,236","24,258","24,492","149,852","146,779"
　員山鄉　,"31,986","32,138","31,918","32,056","32,258","32,284","32,281","32,458","32,376","32,277","32,377","83,586","82,756"
　冬山鄉　,"53,117","53,249","52,761","52,928","53,024","53,103","52,880","53,289","53,327","53,634","53,482","140,509","139,605"
　五結鄉　,"41,600","41,052","40,662","40,539","40,297","39,959","39,543","39,673","39,657","39,559","39,378","115,728","115,146"
　三星鄉　,"21,179","21,272","21,235","21,206","21,215","21,278","21,359","21,467","21,422","21,441","21,503","48,025","48,276"
※大同鄉　,"5,980","6,036","6,139","6,088","6,137","6,143","6,242","6,102","6,083","6,080","6,127","63,003","62,612"
※南澳鄉　,"6,090","6,114","6,119","6,010","5,954","5,970","6,015","5,900","5,938","6,051","6,147","10,625","10,626"
新  竹  縣　,"594,641","589,289","580,503","575,580","570,775","563,933","557,010","552,169","547,481","542,042","537,630","530,486","523,993"
　竹北市　,"219,605","215,952","209,221","206,189","200,782","194,516","187,336","181,955","176,604","170,790","165,118","158,849","152,617"
　關西鎮　,"26,388","26,825","27,099","27,377","27,775","28,055","28,537","28,896","29,408","29,936","30,751","30,919","31,239"
　新埔鎮　,"33,464","33,234","33,055","32,975","33,027","32,798","33,104","33,415","33,737","34,111","34,427","34,674","34,960"
　竹東鎮　,"97,733","96,906","96,375","96,590","97,100","97,127","96,380","96,918","96,817","96,311","96,059","96,326","96,594"
　湖口鄉　,"83,748","82,617","81,232","79,602","78,971","77,908","77,668","77,444","77,524","77,280","77,210","76,753","76,501"
　橫山鄉　,"11,990","12,186","12,212","12,343","12,547","12,789","12,942","13,064","13,298","13,515","13,810","13,912","14,013"
　新豐鄉　,"59,336","58,956","58,651","57,908","57,511","57,292","56,980","56,836","56,452","56,125","55,826","55,386","54,427"
　芎林鄉　,"20,404","20,377","20,159","19,936","19,872","19,934","20,025","20,061","20,165","20,284","20,301","20,256","20,354"
　寶山鄉　,"14,534","14,507","14,391","14,504","14,619","14,626","14,647","14,550","14,378","14,325","14,365","14,103","14,085"
　北埔鄉　,"8,396","8,543","8,672","8,797","9,035","9,178","9,335","9,390","9,531","9,691","9,784","9,838","9,883"
　峨眉鄉　,"5,081","5,192","5,319","5,309","5,403","5,479","5,587","5,538","5,593","5,642","5,744","5,764","5,831"
※尖石鄉　,"9,523","9,552","9,574","9,577","9,646","9,638","9,695","9,543","9,412","9,417","9,506","9,167","8,964"
※五峰鄉　,"4,439","4,442","4,543","4,473","4,487","4,593","4,774","4,559","4,562","4,615","4,729","4,539","4,525"
苗  栗  縣　,"532,854","534,575","535,132","538,178","542,590","545,459","548,863","553,807","559,189","563,912","567,132","565,554","563,976"
　苗栗市　,"86,025","86,307","86,112","86,939","87,671","87,976","88,216","89,165","89,892","90,469","90,963","91,109","91,007"
　頭份市　,"107,478","106,350","105,354","105,084","104,441","103,701","103,081","103,147","103,157","103,239","48,589","48,493","48,452"
　苑裡鎮　,"43,446","43,728","43,927","44,256","44,562","44,848","45,211","45,976","47,040","47,849","36,941","37,155","37,449"
　通霄鎮　,"30,893","31,300","31,835","32,441","33,061","33,471","33,992","34,691","35,433","36,172","83,622","82,351","80,864"
　竹南鎮　,"90,668","89,708","88,364","87,365","87,190","86,565","86,130","85,587","85,010","84,469","102,654","101,527","99,993"
　後龍鎮　,"33,701","34,113","34,358","34,694","35,221","35,675","36,257","36,750","37,251","37,837","38,360","38,439","38,777"
　卓蘭鎮　,"14,890","15,212","15,514","15,866","16,196","16,448","16,732","17,134","17,612","18,057","18,353","18,460","18,480"
　大湖鄉　,"12,641","12,964","13,219","13,530","13,884","14,194","14,482","14,738","15,070","15,276","15,549","15,694","15,798"
　公館鄉　,"30,871","31,235","31,445","31,867","32,397","32,754","33,261","33,773","34,210","34,536","34,847","34,790","34,932"
　銅鑼鄉　,"16,265","16,505","16,682","16,871","17,279","17,588","17,871","18,138","18,465","18,710","18,909","19,036","19,178"
　南庄鄉　,"8,686","8,843","9,046","9,328","9,573","9,813","10,042","10,176","10,391","10,577","10,674","10,742","10,863"
　頭屋鄉　,"9,627","9,788","9,948","10,026","10,240","10,455","10,667","10,840","11,102","11,236","11,377","11,408","11,454"
　三義鄉　,"14,713","14,949","15,151","15,388","15,665","15,970","16,204","16,530","16,813","17,020","17,235","17,411","17,495"
　西湖鄉　,"6,035","6,258","6,440","6,558","6,729","6,877","7,033","7,154","7,288","7,466","7,589","7,649","7,748"
　造橋鄉　,"11,582","11,602","11,706","11,956","12,177","12,473","12,701","12,952","13,166","13,354","13,456","13,517","13,626"
　三灣鄉　,"5,814","5,975","6,143","6,201","6,364","6,532","6,613","6,756","6,884","6,994","7,132","7,126","7,191"
　獅潭鄉　,"4,008","4,095","4,149","4,117","4,158","4,231","4,331","4,417","4,475","4,606","4,725","4,678","4,777"
※泰安鄉　,"5,511","5,643","5,739","5,691","5,782","5,888","6,039","5,883","5,930","6,045","6,157","5,969","5,892"
彰  化  縣　,"1,225,675","1,239,048","1,245,239","1,255,330","1,266,670","1,272,802","1,277,824","1,282,458","1,287,146","1,289,072","1,291,474","1,296,013","1,299,868"
　彰化市　,"223,689","226,046","226,519","228,470","231,317","232,259","232,729","233,613","234,690","235,010","235,022","236,172","236,636"
　員林市　,"122,742","123,004","122,367","122,757","124,263","125,008","124,890","124,632","124,932","124,837","86,100","85,964","85,858"
　鹿港鎮　,"83,588","84,643","85,370","85,837","86,550","86,931","86,818","86,799","86,709","86,407","90,741","90,541","90,298"
　和美鎮　,"87,370","88,046","88,666","89,558","90,095","90,530","90,782","90,986","91,162","91,113","33,198","33,151","33,280"
　北斗鎮　,"33,238","33,294","33,259","33,303","33,358","33,348","33,321","33,355","33,253","33,225","124,725","124,938","125,141"
　溪湖鎮　,"53,385","53,898","54,056","54,340","54,814","55,185","55,365","55,686","55,675","55,742","55,788","55,802","55,899"
　田中鎮　,"38,819","39,336","39,693","40,123","40,717","41,244","41,541","41,890","42,152","42,490","42,745","43,106","43,428"
　二林鎮　,"47,119","47,898","48,390","49,082","49,687","50,075","50,536","50,980","51,516","51,882","52,330","52,864","53,198"
　線西鄉　,"16,182","16,203","16,303","16,486","16,665","16,733","16,860","16,928","16,939","17,040","17,119","17,123","17,056"
　伸港鄉　,"38,422","38,491","37,948","37,838","37,740","37,449","37,121","36,957","36,756","36,464","36,182","36,114","36,037"
　福興鄉　,"44,773","45,186","45,445","45,956","46,399","46,748","47,059","47,332","47,479","47,618","47,810","48,015","48,182"
　秀水鄉　,"37,773","38,141","38,258","38,633","38,872","39,068","39,291","39,357","39,344","39,352","39,326","39,385","39,429"
　花壇鄉　,"43,338","43,936","44,296","44,795","45,232","45,566","45,853","45,924","46,142","45,984","45,916","45,987","46,017"
　芬園鄉　,"21,772","22,202","22,456","22,827","23,188","23,383","23,583","23,755","23,881","24,003","24,155","24,258","24,457"
　大村鄉　,"39,474","40,104","40,392","39,835","38,457","37,124","36,968","36,870","36,762","36,531","36,457","36,452","36,469"
　埔鹽鄉　,"30,546","31,048","31,349","31,682","31,919","32,183","32,460","32,587","32,782","32,954","33,184","33,456","33,712"
　埔心鄉　,"33,366","33,625","33,813","34,037","34,451","34,734","34,745","34,836","34,788","34,833","34,905","35,034","35,186"
　永靖鄉　,"34,664","35,166","35,464","35,879","36,300","36,651","36,962","37,334","37,773","37,985","38,200","38,530","38,718"
　社頭鄉　,"40,842","41,415","41,606","42,026","42,436","42,573","42,882","43,144","43,342","43,492","43,705","43,868","44,211"
　二水鄉　,"13,547","13,855","14,168","14,377","14,642","14,843","15,153","15,325","15,500","15,629","15,830","15,999","16,133"
　田尾鄉　,"25,525","25,897","26,069","26,407","26,691","26,993","27,336","27,462","27,567","27,567","27,834","27,984","28,050"
　埤頭鄉　,"28,484","28,946","29,293","29,706","30,072","30,394","30,508","30,642","30,797","30,869","31,045","31,221","31,415"
　芳苑鄉　,"30,614","31,131","31,614","32,110","32,720","33,084","33,489","33,714","34,039","34,352","34,744","35,104","35,337"
　大城鄉　,"14,548","14,992","15,455","15,733","16,119","16,359","16,717","16,987","17,284","17,516","17,797","18,043","18,337"
　竹塘鄉　,"14,160","14,297","14,370","14,584","14,808","14,926","15,095","15,303","15,491","15,638","15,863","16,040","16,201"
　溪州鄉　,"27,695","28,248","28,620","28,949","29,158","29,411","29,760","30,060","30,391","30,539","30,753","30,862","31,183"
南  投  縣　,"472,299","477,094","479,595","484,897","490,832","494,112","497,031","501,051","505,163","509,490","514,315","517,222","520,196"
　南投市　,"97,042","97,450","97,361","98,244","99,081","99,199","99,519","100,180","100,960","101,622","102,314","102,790","103,285"
　埔里鎮　,"76,303","77,035","77,244","78,107","79,191","79,789","80,340","81,033","81,574","82,212","83,021","83,701","84,300"
　草屯鎮　,"97,147","97,120","96,646","96,923","97,489","97,608","97,119","97,875","98,431","98,837","99,209","99,297","99,374"
　竹山鎮　,"50,625","51,450","51,863","52,629","53,464","53,932","54,540","55,060","55,493","56,053","56,662","57,101","57,560"
　集集鎮　,"9,776","9,924","10,068","10,227","10,461","10,615","10,804","10,904","11,035","11,229","11,390","11,413","11,576"
　名間鄉　,"35,133","35,801","36,234","36,925","37,507","37,951","38,265","38,796","39,220","39,666","40,019","40,382","40,682"
　鹿谷鄉　,"15,832","16,182","16,477","16,850","17,231","17,509","17,687","17,808","18,010","18,234","18,538","18,667","18,878"
　中寮鄉　,"13,194","13,528","13,841","14,013","14,301","14,495","14,680","14,842","15,083","15,353","15,566","15,719","15,901"
　魚池鄉　,"14,414","14,687","14,892","15,162","15,466","15,611","15,753","15,946","16,154","16,289","16,501","16,696","16,747"
　國姓鄉　,"16,454","16,884","17,256","17,557","17,965","18,245","18,629","18,803","19,098","19,360","19,715","19,919","20,165"
　水里鄉　,"15,800","16,085","16,387","16,665","16,980","17,247","17,496","17,803","18,015","18,339","18,717","19,071","19,341"
※信義鄉　,"15,169","15,410","15,594","15,785","15,878","16,006","16,230","16,253","16,381","16,525","16,813","16,727","16,802"
※仁愛鄉　,"15,410","15,538","15,732","15,810","15,818","15,905","15,969","15,748","15,709","15,771","15,850","15,739","15,585"
雲  林  縣　,"658,427","659,468","664,092","670,132","676,873","681,306","686,022","690,373","694,873","699,633","705,356","707,792","710,991"
　斗六市　,"109,082","108,172","107,791","108,100","108,677","108,606","108,542","108,567","108,401","108,359","108,098","108,011","107,727"
　斗南鎮　,"43,509","43,218","43,355","43,584","44,154","44,296","44,547","44,941","45,227","45,590","46,013","46,271","46,570"
　虎尾鎮　,"70,904","70,386","70,305","70,648","70,899","70,994","70,844","70,892","70,815","70,551","70,269","70,486","70,423"
　西螺鎮　,"44,313","44,494","44,578","45,029","45,463","45,723","46,064","46,244","46,597","46,840","47,187","47,482","47,791"
　土庫鎮　,"27,361","27,513","27,650","27,938","28,305","28,544","28,794","28,932","29,275","29,401","29,697","29,797","29,957"
　北港鎮　,"37,512","37,534","37,849","38,437","39,089","39,397","39,905","40,278","40,658","41,006","41,528","41,986","42,257"
　古坑鄉　,"29,554","29,846","30,138","30,438","30,868","31,202","31,358","31,708","31,995","32,326","32,686","32,865","33,280"
　大埤鄉　,"17,794","17,929","18,231","18,451","18,604","18,801","19,030","19,263","19,480","19,727","19,989","20,290","20,582"
　莿桐鄉　,"27,450","27,367","27,554","27,970","28,311","28,524","28,703","28,939","29,089","29,232","29,599","29,825","29,906"
　林內鄉　,"16,572","16,635","16,930","17,131","17,434","17,776","17,995","18,230","18,453","18,664","18,970","19,117","19,352"
　二崙鄉　,"24,642","24,848","25,220","25,660","26,029","26,371","26,855","27,255","27,518","27,939","28,323","28,712","29,060"
　崙背鄉　,"22,599","22,853","23,098","23,584","23,784","24,025","24,345","24,678","25,083","25,469","25,896","26,241","26,570"
　麥寮鄉　,"50,001","49,533","49,354","48,695","47,951","47,196","46,196","45,665","45,126","44,600","43,880","42,526","41,096"
　東勢鄉　,"13,197","13,399","13,642","13,849","14,155","14,416","14,766","14,893","15,120","15,391","15,865","15,810","16,100"
　褒忠鄉　,"11,777","11,889","12,143","12,279","12,477","12,682","12,912","13,010","13,167","13,349","13,605","13,706","13,869"
　臺西鄉　,"21,424","21,739","22,151","22,558","23,012","23,312","23,730","23,954","24,212","24,576","24,995","24,897","25,068"
　元長鄉　,"23,020","23,371","23,713","24,177","24,694","25,118","25,643","25,980","26,361","26,857","27,307","27,640","28,002"
　四湖鄉　,"20,698","21,017","21,582","21,891","22,387","22,749","23,209","23,667","24,151","24,742","25,415","25,501","25,907"
　口湖鄉　,"24,592","24,985","25,566","25,976","26,403","26,830","27,276","27,653","28,074","28,489","29,017","29,344","29,646"
　水林鄉　,"22,426","22,740","23,242","23,737","24,177","24,744","25,308","25,624","26,071","26,525","27,017","27,285","27,828"
嘉  義  縣　,"478,786","484,560","488,158","493,316","499,481","503,113","507,068","511,182","515,320","519,839","524,783","529,229","533,723"
　太保市　,"39,342","39,299","38,919","38,571","38,536","38,301","38,069","37,781","37,497","37,212","37,038","37,023","36,946"
　朴子市　,"40,409","40,705","40,882","41,256","41,669","41,855","42,112","42,382","42,585","42,956","43,250","43,599","43,855"
　布袋鎮　,"24,121","24,622","25,056","25,521","25,990","26,381","26,773","27,143","27,509","27,954","28,423","28,701","29,244"
　大林鎮　,"29,610","29,815","29,744","30,068","30,381","30,684","30,896","31,198","31,379","31,697","32,159","32,593","32,917"
　民雄鄉　,"69,923","70,248","70,298","70,675","71,317","71,362","71,367","71,693","71,834","71,862","71,903","72,096","72,286"
　溪口鄉　,"12,944","13,238","13,463","13,761","14,055","14,283","14,592","14,751","14,933","15,113","15,393","15,546","15,823"
　新港鄉　,"29,617","30,094","30,302","30,705","31,162","31,420","31,723","31,935","32,385","32,797","33,186","33,507","33,830"
　六腳鄉　,"20,497","20,889","21,331","21,774","22,196","22,540","22,960","23,318","23,787","24,202","24,613","24,947","25,356"
　東石鄉　,"22,201","22,749","23,144","23,464","23,766","24,194","24,580","24,969","25,307","25,751","26,235","26,305","26,713"
　義竹鄉　,"16,163","16,633","16,994","17,232","17,602","17,883","18,242","18,486","18,822","19,258","19,578","19,856","20,158"
　鹿草鄉　,"13,891","14,123","14,426","14,658","14,913","15,118","15,358","15,577","15,808","16,119","16,384","16,652","16,832"
　水上鄉　,"47,366","47,727","47,912","48,529","49,012","49,195","49,316","49,744","50,084","50,431","50,726","51,289","51,497"
　中埔鄉　,"42,190","42,690","43,048","43,602","44,131","44,325","44,584","44,974","45,395","45,724","46,156","46,694","47,025"
　竹崎鄉　,"32,759","33,308","33,792","34,190","34,797","35,207","35,584","35,962","36,226","36,546","36,924","37,372","37,923"
　梅山鄉　,"17,497","17,805","18,052","18,324","18,687","18,963","19,282","19,475","19,800","20,010","20,304","20,576","20,842"
　番路鄉　,"10,697","10,867","10,938","11,033","11,180","11,262","11,430","11,599","11,695","11,865","12,089","12,174","12,227"
　大埔鄉　,"4,323","4,444","4,476","4,533","4,560","4,596","4,603","4,564","4,610","4,621","4,658","4,567","4,547"
※阿里山鄉,"5,236","5,304","5,381","5,420","5,527","5,544","5,597","5,631","5,664","5,721","5,764","5,732","5,702"
屏  東  縣　,"789,239","794,997","798,703","804,440","812,658","819,184","825,406","829,939","835,792","841,253","847,917","852,286","858,441"
　屏東市　,"192,657","193,810","193,941","195,862","197,647","198,990","199,606","200,452","201,644","202,562","203,866","205,945","207,862"
　潮州鎮　,"53,575","53,325","53,124","53,546","53,842","53,831","53,893","54,377","54,703","54,719","54,738","55,207","55,205"
　東港鎮　,"45,936","45,946","45,908","46,268","46,731","47,161","47,613","47,866","48,097","48,058","48,262","48,585","49,185"
　恆春鎮　,"29,375","29,747","29,899","30,089","30,414","30,662","30,818","30,726","30,783","30,874","30,859","30,823","30,758"
　萬丹鄉　,"48,946","49,252","49,457","49,696","50,126","50,427","50,514","50,935","51,261","51,647","52,085","52,536","53,125"
　長治鄉　,"29,229","29,190","29,126","29,337","29,470","29,536","29,677","30,008","30,159","30,305","30,429","30,488","30,600"
　麟洛鄉　,"10,483","10,544","10,592","10,629","10,770","10,906","11,036","11,076","11,125","11,231","11,313","11,303","11,301"
　九如鄉　,"21,552","21,639","21,645","21,734","21,962","21,989","22,061","22,110","22,083","22,090","22,172","22,408","22,563"
　里港鄉　,"25,347","25,623","25,685","25,696","25,707","25,853","26,044","26,459","26,995","27,040","26,814","26,506","26,282"
　鹽埔鄉　,"23,529","23,976","24,266","24,586","24,999","25,332","25,719","25,997","26,199","26,361","26,629","26,660","26,802"
　高樹鄉　,"22,336","22,764","23,182","23,439","23,775","24,006","24,384","24,622","24,882","25,163","25,520","25,682","25,999"
　萬巒鄉　,"19,010","19,239","19,478","19,915","20,189","20,473","20,593","20,556","20,609","20,765","20,918","21,164","21,391"
　內埔鄉　,"52,646","52,501","52,258","52,544","53,330","53,583","54,115","54,707","55,181","55,644","56,148","56,550","57,070"
　竹田鄉　,"15,581","15,807","16,073","16,318","16,615","16,863","17,119","17,158","17,351","17,544","17,719","17,806","18,041"
　新埤鄉　,"9,177","9,353","9,623","9,451","9,561","9,737","9,981","9,936","9,927","10,058","10,232","10,243","10,373"
　枋寮鄉　,"22,593","22,757","22,969","23,246","23,680","24,023","24,323","24,571","24,826","25,120","25,482","25,693","25,971"
　新園鄉　,"32,198","32,674","33,091","33,447","33,939","34,468","34,880","35,321","35,680","36,217","36,692","37,117","37,429"
　崁頂鄉　,"14,932","15,245","15,168","15,272","15,378","15,419","15,519","15,720","15,916","16,155","16,374","16,429","16,680"
　林邊鄉　,"16,087","16,449","16,762","17,023","17,275","17,583","17,795","18,080","18,317","18,896","19,235","19,573","19,909"
　南州鄉　,"9,698","9,882","10,049","10,133","10,364","10,513","10,639","10,670","10,808","10,857","11,026","11,130","11,276"
　佳冬鄉　,"17,591","17,888","18,095","18,321","18,620","18,846","19,121","19,380","19,689","19,905","20,247","20,538","20,799"
　琉球鄉　,"12,190","12,265","12,216","12,104","12,121","12,232","12,364","12,337","12,423","12,517","12,675","12,415","12,145"
　車城鄉　,"7,842","8,029","8,194","8,181","8,278","8,403","8,577","8,586","8,741","8,917","9,121","9,106","9,196"
　滿州鄉　,"7,063","7,235","7,454","7,353","7,471","7,686","7,968","7,840","7,847","7,999","8,126","8,124","8,243"
　枋山鄉　,"4,966","5,013","5,128","5,150","5,240","5,349","5,498","5,478","5,535","5,644","5,749","5,775","5,855"
※三地門鄉,"7,683","7,742","7,793","7,711","7,689","7,673","7,697","7,644","7,662","7,701","7,784","7,566","7,522"
※霧臺鄉　,"3,235","3,265","3,324","3,259","3,247","3,295","3,354","3,246","3,285","3,329","3,435","3,199","3,106"
※瑪家鄉　,"6,696","6,749","6,796","6,706","6,768","6,787","6,829","6,746","6,773","6,769","6,718","6,598","6,584"
※泰武鄉　,"5,259","5,291","5,338","5,360","5,351","5,408","5,392","5,271","5,262","5,217","5,289","5,131","5,062"
※來義鄉　,"7,355","7,390","7,423","7,397","7,448","7,427","7,433","7,465","7,494","7,570","7,648","7,610","7,651"
※春日鄉　,"4,860","4,874","4,889","4,930","4,947","4,944","4,909","4,867","4,855","4,806","4,866","4,823","4,831"
※獅子鄉　,"4,905","4,777","4,891","4,888","4,839","4,912","4,954","4,806","4,827","4,806","4,882","4,776","4,789"
※牡丹鄉　,"4,707","4,756","4,866","4,849","4,865","4,867","4,981","4,926","4,853","4,767","4,864","4,777","4,836"
臺  東  縣　,"210,219","211,544","212,551","213,386","215,261","216,781","218,919","219,540","220,802","222,452","224,470","224,821","226,252"
　臺東市　,"103,115","103,281","103,252","103,943","104,803","105,202","105,573","105,960","106,368","106,759","106,929","107,316","107,720"
　成功鎮　,"12,926","13,078","13,212","13,330","13,505","13,748","14,059","14,238","14,411","14,652","14,943","15,051","15,253"
　關山鎮　,"7,954","8,052","8,165","8,274","8,420","8,575","8,703","8,742","8,811","8,923","9,111","9,268","9,425"
　卑南鄉　,"16,472","16,601","16,846","16,833","16,961","17,132","17,269","17,399","17,443","17,507","17,700","17,763","17,834"
　大武鄉　,"5,465","5,553","5,635","5,635","5,727","5,851","6,046","6,117","6,238","6,324","6,565","6,531","6,632"
　太麻里鄉,"10,569","10,679","10,744","10,819","10,925","10,984","11,147","11,163","11,304","11,374","11,507","11,595","11,669"
　東河鄉　,"7,822","7,896","8,060","8,106","8,203","8,349","8,479","8,517","8,686","8,847","9,000","8,992","9,108"
　長濱鄉　,"6,538","6,649","6,733","6,791","6,926","7,021","7,182","7,260","7,399","7,579","7,756","7,733","7,869"
　鹿野鄉　,"7,047","7,193","7,314","7,482","7,601","7,744","7,875","7,951","8,018","8,107","8,202","8,229","8,304"
　池上鄉　,"7,696","7,858","7,995","7,976","8,073","8,141","8,199","8,248","8,375","8,488","8,591","8,679","8,824"
　綠島鄉　,"4,385","4,373","4,285","4,124","4,026","4,045","4,097","3,926","3,724","3,775","3,808","3,580","3,462"
※延平鄉　,"3,557","3,567","3,630","3,591","3,549","3,540","3,628","3,551","3,523","3,575","3,614","3,552","3,551"
※海端鄉　,"4,300","4,275","4,222","4,151","4,105","4,120","4,186","4,222","4,283","4,322","4,378","4,363","4,379"
※達仁鄉　,"3,409","3,439","3,482","3,437","3,489","3,499","3,580","3,518","3,524","3,589","3,721","3,762","3,832"
※金峰鄉　,"3,687","3,732","3,713","3,663","3,699","3,703","3,739","3,653","3,612","3,586","3,669","3,502","3,520"
※蘭嶼鄉　,"5,277","5,318","5,263","5,231","5,249","5,127","5,157","5,075","5,083","5,045","4,976","4,905","4,870"
花  蓮  縣　,"315,374","317,489","318,892","321,358","324,372","326,247","327,968","329,237","330,911","331,945","333,392","333,897","335,190"
　花蓮市　,"98,324","99,043","99,558","100,955","102,539","103,404","103,841","104,380","105,034","105,724","106,368","107,281","108,077"
　鳳林鎮　,"10,306","10,435","10,536","10,679","10,821","10,802","10,846","10,861","11,004","11,115","11,237","11,397","11,532"
　玉里鎮　,"21,670","22,034","22,408","22,878","23,381","23,648","24,007","24,345","24,740","25,013","25,396","25,695","26,055"
　新城鄉　,"20,323","20,307","20,256","20,252","20,058","20,083","20,159","20,185","20,274","20,216","20,286","20,148","20,131"
　吉安鄉　,"83,135","83,175","82,795","83,122","83,507","83,583","83,221","83,747","83,656","83,240","82,577","82,157","81,325"
　壽豐鄉　,"16,737","16,903","17,133","17,351","17,589","17,820","17,949","18,043","18,146","18,195","18,237","18,109","18,265"
　光復鄉　,"11,534","11,739","12,015","12,185","12,369","12,536","12,789","12,888","13,032","13,219","13,395","13,459","13,613"
　豐濱鄉　,"4,147","4,213","4,315","4,327","4,376","4,476","4,752","4,383","4,439","4,541","4,706","4,632","4,668"
　瑞穗鄉　,"10,584","10,755","10,968","11,123","11,312","11,433","11,668","11,653","11,757","11,926","12,107","12,170","12,372"
　富里鄉　,"9,530","9,627","9,689","9,812","10,004","10,161","10,277","10,413","10,557","10,633","10,849","10,966","11,189"
※秀林鄉　,"17,095","17,200","16,992","16,555","16,143","15,953","15,939","15,889","15,796","15,666","15,494","15,267","15,167"
※萬榮鄉　,"6,070","6,085","6,175","6,152","6,237","6,313","6,419","6,384","6,440","6,420","6,530","6,495","6,612"
※卓溪鄉　,"5,919","5,973","6,052","5,967","6,036","6,035","6,101","6,066","6,036","6,037","6,210","6,121","6,184"
澎  湖  縣　,"107,901","107,739","107,223","106,340","105,952","105,207","104,440","104,073","103,263","102,304","101,758","100,400","98,843"
　馬公市　,"64,078","63,957","63,657","63,289","63,206","62,999","62,610","62,308","61,740","60,924","60,335","59,502","58,490"
　湖西鄉　,"16,124","16,059","15,820","15,447","15,230","14,997","14,594","14,508","14,435","14,413","14,315","14,221","13,915"
　白沙鄉　,"10,137","10,087","10,047","9,989","9,907","9,833","9,827","9,817","9,799","9,710","9,799","9,591","9,491"
　西嶼鄉　,"8,207","8,290","8,341","8,338","8,353","8,306","8,349","8,408","8,403","8,417","8,438","8,403","8,354"
　望安鄉　,"5,424","5,409","5,448","5,415","5,371","5,273","5,235","5,176","5,131","5,091","5,117","5,021","4,995"
　七美鄉　,"3,931","3,937","3,910","3,862","3,885","3,799","3,825","3,856","3,755","3,749","3,754","3,662","3,598"
基  隆  市　,"361,441","362,255","361,526","363,977","367,577","368,893","370,155","371,458","372,100","372,105","373,077","374,914","377,153"
　中正區　,"50,950","50,646","50,574","50,654","51,224","51,483","51,670","52,163","52,572","52,710","53,094","53,571","54,020"
　七堵區　,"52,528","52,757","53,003","53,276","53,615","53,732","53,782","53,972","54,103","54,060","53,974","54,041","54,217"
　暖暖區　,"38,334","38,450","38,320","38,398","38,548","38,535","38,619","38,708","38,407","38,379","38,188","37,860","37,851"
　仁愛區　,"40,515","41,131","41,328","41,842","42,787","43,201","43,730","44,314","45,021","45,626","46,244","47,034","47,741"
　中山區　,"45,859","45,459","45,038","45,755","46,459","46,897","47,398","47,908","48,115","48,397","48,733","49,254","49,794"
　安樂區　,"80,060","80,440","80,297","81,001","81,776","82,267","82,294","82,358","82,014","81,329","81,580","81,906","82,285"
　信義區　,"53,195","53,372","52,966","53,051","53,168","52,778","52,662","52,035","51,868","51,604","51,264","51,248","51,245"
新  竹  市　,"457,242","456,475","452,473","452,640","451,412","448,803","445,635","441,132","437,337","434,060","431,988","428,483","425,071"
　東　區　,"224,043","223,826","221,657","221,651","220,056","217,841","215,566","212,553","209,826","208,142","206,843","204,578","203,119"
　北　區　,"153,897","153,759","152,118","152,348","152,612","152,351","151,679","150,636","149,993","149,156","148,753","148,041","147,561"
　香山區　,"79,302","78,890","78,698","78,641","78,744","78,611","78,390","77,943","77,518","76,762","76,392","75,864","74,391"
嘉  義  市　,"262,177","263,584","262,924","264,727","266,005","267,690","268,622","269,398","269,874","270,366","270,883","270,872","271,220"
　東　區　,"117,300","117,993","117,826","118,956","119,715","120,825","121,162","122,103","122,462","122,900","123,370","123,821","124,242"
　西　區　,"144,877","145,591","145,098","145,771","146,290","146,865","147,460","147,295","147,412","147,466","147,513","147,051","146,978"
福  建  省　,"157,551","158,188","155,278","155,184","153,876","153,274","152,329","150,336","147,709","145,346","140,229","132,878","124,421"
金  門  縣　,"143,601","144,149","141,295","141,539","140,597","140,185","139,273","137,456","135,114","132,799","127,723","120,713","113,111"
　金城鎮　,"42,719","43,192","42,342","42,845","43,000","43,253","43,325","43,285","42,726","42,344","40,933","39,062","36,974"
　金湖鎮　,"31,209","31,269","30,636","30,593","30,400","30,171","29,856","29,413","28,833","28,402","27,368","26,074","24,623"
　金沙鎮　,"20,680","20,858","20,673","20,785","20,732","20,802","20,784","20,535","20,312","20,107","19,465","18,567","17,543"
　金寧鄉　,"35,809","35,400","34,325","33,901","33,070","32,531","31,765","30,838","30,006","28,833","27,307","25,118","22,939"
　烈嶼鄉　,"12,538","12,766","12,649","12,743","12,733","12,749","12,861","12,700","12,568","12,450","11,978","11,236","10,424"
　烏坵鄉　,646,664,670,672,662,679,682,685,669,663,672,656,608
連  江  縣　,"13,950","14,039","13,983","13,645","13,279","13,089","13,056","12,880","12,595","12,547","12,506","12,165","11,310"
　南竿鄉　,"7,815","7,827","7,797","7,657","7,638","7,599","7,663","7,544","7,382","7,409","7,496","7,288","6,780"
　北竿鄉　,"3,062","3,136","3,181","2,998","2,717","2,595","2,425","2,360","2,344","2,333","2,320","2,268","2,071"
　莒光鄉　,"1,518","1,504","1,471","1,496","1,489","1,543","1,618","1,624","1,562","1,535","1,424","1,438","1,327"
　東引鄉　,"1,555","1,572","1,534","1,494","1,435","1,352","1,350","1,352","1,307","1,270","1,266","1,171","1,132"

